{"nm":"Main Scene","ddd":0,"h":500,"w":500,"meta":{"g":"@lottiefiles/creator 1.15.0"},"layers":[{"ty":4,"nm":"Ellipse 1","sr":1,"st":0,"op":120,"ip":0,"hd":false,"ddd":0,"bm":0,"hasMask":false,"ao":0,"ks":{"a":{"a":0,"k":[0,0]},"s":{"a":0,"k":[80,80]},"sk":{"a":0,"k":0},"p":{"a":0,"k":[246,247]},"r":{"a":1,"k":[{"o":{"x":0,"y":0},"i":{"x":1,"y":1},"s":[160],"t":0},{"s":[-200],"t":119}]},"sa":{"a":0,"k":0},"o":{"a":0,"k":100}},"ef":[],"shapes":[{"ty":"sh","bm":0,"hd":false,"nm":"Ellipse Path 1","d":1,"ks":{"a":0,"k":{"c":true,"i":[[-73.9546,0],[0,-73.9546],[73.9546,0],[0,73.9546]],"o":[[73.9546,0],[0,73.9546],[-73.9546,0],[0,-73.9546]],"v":[[0,-134],[134,0],[0,134],[-134,0]]}}},{"ty":"tm","bm":0,"hd":false,"nm":"Trim Path","e":{"a":1,"k":[{"o":{"x":0.65,"y":0},"i":{"x":0.36,"y":1},"s":[100],"t":4},{"s":[0],"t":120}]},"o":{"a":0,"k":0},"s":{"a":1,"k":[{"o":{"x":0.55,"y":0.06},"i":{"x":0.36,"y":1},"s":[100],"t":0},{"s":[0],"t":116}]},"m":1},{"ty":"st","bm":0,"hd":false,"nm":"Stroke","lc":2,"lj":2,"ml":1,"o":{"a":0,"k":100},"w":{"a":0,"k":28},"c":{"a":0,"k":[0.8471,0.6392,0,1]}}],"ind":1},{"ty":4,"nm":"Ellipse 1","sr":1,"st":0,"op":120,"ip":0,"hd":false,"ddd":0,"bm":0,"hasMask":false,"ao":0,"ks":{"a":{"a":0,"k":[0,0]},"s":{"a":0,"k":[80,80]},"sk":{"a":0,"k":0},"p":{"a":0,"k":[246,247]},"r":{"a":1,"k":[{"o":{"x":0,"y":0},"i":{"x":1,"y":1},"s":[60],"t":0},{"s":[-300],"t":119}]},"sa":{"a":0,"k":0},"o":{"a":0,"k":100}},"ef":[],"shapes":[{"ty":"sh","bm":0,"hd":false,"nm":"Ellipse Path 1","d":1,"ks":{"a":0,"k":{"c":true,"i":[[-73.9546,0],[0,-73.9546],[73.9546,0],[0,73.9546]],"o":[[73.9546,0],[0,73.9546],[-73.9546,0],[0,-73.9546]],"v":[[0,-134],[134,0],[0,134],[-134,0]]}}},{"ty":"tm","bm":0,"hd":false,"nm":"Trim Path","e":{"a":1,"k":[{"o":{"x":0.65,"y":0},"i":{"x":0.36,"y":1},"s":[100],"t":26},{"s":[0],"t":120}]},"o":{"a":0,"k":0},"s":{"a":1,"k":[{"o":{"x":0.55,"y":0.06},"i":{"x":0.36,"y":1},"s":[100],"t":0},{"s":[0],"t":96}]},"m":1},{"ty":"st","bm":0,"hd":false,"nm":"Stroke","lc":2,"lj":2,"ml":1,"o":{"a":0,"k":100},"w":{"a":0,"k":28},"c":{"a":0,"k":[0.8471,0.6392,0,1]}}],"ind":2},{"ty":4,"nm":"Ellipse 1","sr":1,"st":0,"op":122,"ip":0,"hd":false,"ddd":0,"bm":0,"hasMask":false,"ao":0,"ks":{"a":{"a":0,"k":[0,0]},"s":{"a":0,"k":[100,100]},"sk":{"a":0,"k":0},"p":{"a":0,"k":[246,247]},"r":{"a":1,"k":[{"o":{"x":0,"y":0},"i":{"x":1,"y":1},"s":[0],"t":0},{"s":[-359],"t":120}]},"sa":{"a":0,"k":0},"o":{"a":0,"k":100}},"ef":[],"shapes":[{"ty":"sh","bm":0,"hd":false,"nm":"Ellipse Path 1","d":1,"ks":{"a":0,"k":{"c":true,"i":[[-73.9546,0],[0,-73.9546],[73.9546,0],[0,73.9546]],"o":[[73.9546,0],[0,73.9546],[-73.9546,0],[0,-73.9546]],"v":[[0,-134],[134,0],[0,134],[-134,0]]}}},{"ty":"tm","bm":0,"hd":false,"nm":"Trim Path","e":{"a":1,"k":[{"o":{"x":0.65,"y":0},"i":{"x":0.36,"y":1},"s":[100],"t":26},{"s":[0],"t":120}]},"o":{"a":0,"k":0},"s":{"a":1,"k":[{"o":{"x":0.55,"y":0.06},"i":{"x":0.36,"y":1},"s":[100],"t":0},{"s":[0],"t":96}]},"m":1},{"ty":"st","bm":0,"hd":false,"nm":"Stroke","lc":2,"lj":2,"ml":1,"o":{"a":0,"k":100},"w":{"a":0,"k":10},"c":{"a":0,"k":[0.9808,0.9604,0.8992,1]}}],"ind":3}],"v":"5.7.0","fr":60,"op":120,"ip":0,"assets":[]}